<?xml version="1.0" encoding="UTF-8" standalone="yes"?>
<app version="1">
  <name>Loadiine GX2 with padcon</name>
  <coder>Dibas</coder>
  <version>0.2 with padcon r2</version>
  <release_date>20160303120000</release_date>
  <short_description>Turn OFF the gamepad's screen</short_description>
  <long_description>
  
  The ability to turn OFF the gamepad's screen while playing and you still have sound and control working
  
  press the right analog to turn OFF/ON the gamepad's screen
  
  </long_description>

</app>
